{
  "series_ticker": "KXFEDDECISION",
  "n_tickers": 18,
  "n_days": 83,
  "total_pnl": -0.0132,
  "mean_daily_pnl": -0.000158,
  "sharpe_ratio": -0.042,
  "max_drawdown": -0.8793,
  "win_rate": 0.53,
  "global_r2_test": -0.0022,
  "global_acc_test": 0.499,
  "mean_r2_train": 0.0021,
  "mean_acc_train": 0.531,
  "best_val_mae": 0.082893,
  "best_params": {
    "boosting_type": "dart",
    "num_leaves": 158,
    "max_depth": 5,
    "learning_rate": 0.0011100147563489415,
    "n_estimators": 455,
    "min_child_samples": 100,
    "subsample": 0.9822278829410831,
    "colsample_bytree": 0.44632523287925063,
    "reg_alpha": 9.068703643229998e-07,
    "reg_lambda": 8.612782348140958e-05
  }
}