{
  "series_ticker": "KXPAYROLLS",
  "n_tickers": 9,
  "n_days": 9,
  "total_pnl": 0.3046,
  "mean_daily_pnl": 0.03385,
  "sharpe_ratio": 11.452,
  "max_drawdown": -0.008,
  "win_rate": 0.667,
  "global_r2_test": -0.068,
  "global_acc_test": 0.842,
  "mean_r2_train": -0.0081,
  "mean_acc_train": 0.563,
  "best_val_mae": 0.042296,
  "best_params": {
    "boosting_type": "gbdt",
    "num_leaves": 67,
    "max_depth": 4,
    "learning_rate": 0.002846526357761094,
    "n_estimators": 187,
    "min_child_samples": 55,
    "subsample": 0.6591670111852694,
    "colsample_bytree": 0.5747374841188252,
    "reg_alpha": 0.0032112643094417484,
    "reg_lambda": 1.8007140198129195e-07
  }
}