{
  "series_ticker": "KXRATECUTCOUNT",
  "n_tickers": 5,
  "n_days": 75,
  "total_pnl": 0.7384,
  "mean_daily_pnl": 0.009845,
  "sharpe_ratio": 4.813,
  "max_drawdown": -0.0735,
  "win_rate": 0.613,
  "global_r2_test": 0.0222,
  "global_acc_test": 0.55,
  "mean_r2_train": 0.2504,
  "mean_acc_train": 0.63,
  "best_val_mae": 0.003698,
  "best_params": {
    "boosting_type": "gbdt",
    "num_leaves": 243,
    "max_depth": 3,
    "learning_rate": 0.008151445960010124,
    "n_estimators": 384,
    "min_child_samples": 41,
    "subsample": 0.9982138674294133,
    "colsample_bytree": 0.41371400963319216,
    "reg_alpha": 1.2557486015764376e-08,
    "reg_lambda": 1.2056675832690027e-05
  }
}