{
  "series_ticker": "KXRATECUTCOUNT",
  "n_tickers": 33,
  "total_pnl": 0.3374,
  "max_drawdown": -0.368,
  "optuna_train": {
    "sharpe": 0.334,
    "r2": -0.0698,
    "win_rate": 0.488
  },
  "optuna_val": {
    "sharpe": 1.3,
    "r2": -0.0606,
    "win_rate": 0.493
  },
  "best_val_mse": 0.009389,
  "best_params": {
    "boosting_type": "gbdt",
    "num_leaves": 250,
    "max_depth": 12,
    "learning_rate": 0.09023216266581223,
    "n_estimators": 354,
    "min_child_samples": 76,
    "subsample": 0.7591256677396084,
    "colsample_bytree": 0.5080137305703126,
    "reg_alpha": 0.00039475203430408367,
    "reg_lambda": 3.6356613416174498e-06
  }
}