{
  "ticker": "KXGDP-26APR30-T2.0",
  "n_days": 42,
  "total_pnl": -0.1698,
  "mean_daily_pnl": -0.004044,
  "sharpe_ratio": -1.033,
  "max_drawdown": -0.4993,
  "win_rate": 0.5,
  "mean_r2_train": 0.2254,
  "mean_acc_train": 0.823,
  "global_r2_test": -0.1303,
  "global_acc_test": 0.512,
  "best_val_mae": 0.029331,
  "best_params": {
    "boosting_type": "dart",
    "num_leaves": 228,
    "max_depth": 11,
    "learning_rate": 0.013456623932198594,
    "n_estimators": 93,
    "min_child_samples": 5,
    "subsample": 0.6397963016397548,
    "colsample_bytree": 0.48165286344473984,
    "reg_alpha": 0.0027391760542498614,
    "reg_lambda": 0.0003254261111620514
  }
}