{
  "ticker": "KXRATECUTCOUNT-26DEC31-T0",
  "n_days": 130,
  "total_pnl": 1.7865,
  "mean_daily_pnl": 0.013742,
  "sharpe_ratio": 1.953,
  "max_drawdown": -0.8199,
  "win_rate": 0.431,
  "mean_r2_train": -0.0078,
  "mean_acc_train": 0.49,
  "global_r2_test": -0.0214,
  "global_acc_test": 0.554,
  "best_val_mae": 0.075681,
  "best_params": {
    "boosting_type": "dart",
    "num_leaves": 91,
    "max_depth": 8,
    "learning_rate": 0.02260828676373495,
    "n_estimators": 133,
    "min_child_samples": 98,
    "subsample": 0.8650796940166687,
    "colsample_bytree": 0.9636993649385135,
    "reg_alpha": 1.1309571585271483,
    "reg_lambda": 0.002404915432737351
  }
}